"Timestamp","What website would you like to have checked for slowdowns? ex. ""reddit.com"" or ""google.com"" or ""news.google.com"". "
"2017/12/03 5:37:13 PM EST","pornhub.com"
"2017/12/03 5:45:41 PM EST","netflix.com"
"2017/12/03 5:51:57 PM EST","youtube.com ookla.com"
"2017/12/03 5:52:30 PM EST","youtube.com"
"2017/12/03 5:52:38 PM EST","ookla.com"
"2017/12/03 5:54:48 PM EST","Wikipedia.com"
"2017/12/03 5:58:33 PM EST","4chan.org"
"2017/12/03 6:10:37 PM EST","E621.net"
"2017/12/03 6:12:09 PM EST","amazon.com"
"2017/12/03 6:13:08 PM EST","twitch.tv"
"2017/12/03 6:16:02 PM EST","youtube.com"
"2017/12/03 6:17:24 PM EST","www.downloadmoreram.com"
"2017/12/03 6:24:23 PM EST","youtube, definetly"
"2017/12/03 6:29:05 PM EST","youtube.com"
"2017/12/03 6:30:32 PM EST","pormhub"
"2017/12/03 6:33:37 PM EST","Kissmanga.com"
"2017/12/03 6:33:39 PM EST","hwt.dk"
"2017/12/03 6:33:50 PM EST","Kissanime.ru"
"2017/12/03 6:34:01 PM EST","reddit.com"
"2017/12/03 6:34:58 PM EST","Spankbang.com"
"2017/12/03 6:35:08 PM EST","Xvideos.com"
"2017/12/03 6:35:20 PM EST","xnxx.com"
"2017/12/03 6:35:32 PM EST","xhamster.com"
"2017/12/03 6:35:42 PM EST","netflix.com "
"2017/12/03 6:35:47 PM EST","youtube.com"
"2017/12/03 6:35:59 PM EST","google.com"
"2017/12/03 6:36:05 PM EST","cbsd.org"
"2017/12/03 6:36:19 PM EST","netflix.com"
"2017/12/03 6:36:20 PM EST","e621"
"2017/12/03 6:38:56 PM EST","Reddit.com"
"2017/12/03 6:39:27 PM EST","Reddit, Netflix, Youtube, News Sites (Specifically Anti-Trump)"
"2017/12/03 6:44:08 PM EST","stackoverflow.com"
"2017/12/03 6:47:07 PM EST","LUL NA internet "
"2017/12/03 6:47:59 PM EST","www.ubuntu.com"
"2017/12/03 6:53:21 PM EST","pornhub.com"
"2017/12/03 6:58:58 PM EST","Netflix.com"
"2017/12/03 7:00:11 PM EST","www.coinbase.com"
"2017/12/03 7:00:15 PM EST","xkcd.com"
"2017/12/03 7:03:36 PM EST","pcpartpicker.com"
"2017/12/03 7:10:16 PM EST","roleplay.chat"
"2017/12/03 7:11:23 PM EST","Teens.com"
"2017/12/03 7:16:26 PM EST","tum.de"
"2017/12/03 7:18:44 PM EST","nofilmschool.com"
"2017/12/03 7:19:08 PM EST","lego.com"
"2017/12/03 7:22:55 PM EST","www.netflix.com"
"2017/12/03 7:23:26 PM EST","4chan.com"
"2017/12/03 7:24:07 PM EST","reddit.com, google.com, crunchyroll.com, youtube.com, facebook.com"
"2017/12/03 7:24:12 PM EST","reddit.com/r/pcmasterrace"
"2017/12/03 7:40:43 PM EST","play.spotify.com"
"2017/12/03 7:41:22 PM EST","mega.nz"
"2017/12/03 7:47:43 PM EST","YouTube, pornhub, steam "
"2017/12/03 7:55:31 PM EST","dailywire.com"
"2017/12/03 7:57:33 PM EST","netflix.com"
"2017/12/03 7:59:57 PM EST","https://www.google.com/"
"2017/12/03 8:03:55 PM EST","debian.org"
"2017/12/03 8:05:23 PM EST","reddit.com"
"2017/12/03 8:05:43 PM EST","reddit.com"
"2017/12/03 8:09:01 PM EST","Bittrex.com"
"2017/12/03 8:09:14 PM EST","Bitfinex.com"
"2017/12/03 8:09:32 PM EST","nexusmods.com"
"2017/12/03 8:10:41 PM EST","Tradingview.com"
"2017/12/03 8:13:46 PM EST","chiefdelphi.com"
"2017/12/03 8:16:52 PM EST","netflix"
"2017/12/03 8:17:00 PM EST","youtube"
"2017/12/03 8:19:49 PM EST","twitch.tv"
"2017/12/03 8:21:59 PM EST","""bing.com"" ""msn.com"" "
"2017/12/03 8:30:10 PM EST","niggermania.com"
"2017/12/03 8:30:19 PM EST","Reddit.com"
"2017/12/03 8:30:28 PM EST","ebay"
"2017/12/03 8:30:56 PM EST","coolmathgames.com"
"2017/12/03 8:32:53 PM EST","Wikipedia.com"
"2017/12/03 8:33:39 PM EST","netflix.com"
"2017/12/03 8:34:03 PM EST","pornhub.com"
"2017/12/03 8:34:09 PM EST","pornhub.com"
"2017/12/03 8:34:16 PM EST","pornhub.com"
"2017/12/03 8:34:35 PM EST","reddit.com"
"2017/12/03 8:34:43 PM EST","Minecraft.net"
"2017/12/03 8:34:55 PM EST","Netflix.com"
"2017/12/03 8:35:01 PM EST","speedtest.net"
"2017/12/03 8:35:17 PM EST","google.com"
"2017/12/03 8:35:33 PM EST","microsoft.com"
"2017/12/03 8:35:43 PM EST","wolframalpha.com"
"2017/12/03 8:35:51 PM EST","wikipedia.com"
"2017/12/03 8:36:04 PM EST","craigslist.org"
"2017/12/03 8:37:25 PM EST","pornhub.com"
"2017/12/03 8:37:37 PM EST","kissanime.ru"
"2017/12/03 8:37:46 PM EST","kissmanga.com"
"2017/12/03 8:39:31 PM EST","reddit.com"
"2017/12/03 8:40:21 PM EST","reddit.com"
"2017/12/03 8:46:01 PM EST","hentaihaven.org"
"2017/12/03 8:46:14 PM EST","reddit.com"
"2017/12/03 8:47:11 PM EST","Youtube.com"
"2017/12/03 8:47:24 PM EST","dutchsinse.com"
"2017/12/03 8:47:46 PM EST","Netflix"
"2017/12/03 8:47:54 PM EST","HBO"
"2017/12/03 8:48:14 PM EST","messenger.com"
"2017/12/03 8:48:29 PM EST","YouTube.com"
"2017/12/03 8:48:30 PM EST","store.steampowered.com"
"2017/12/03 8:48:39 PM EST","Reddit.com"
"2017/12/03 8:48:47 PM EST","Scrap.tf"
"2017/12/03 8:48:59 PM EST","Teamfortress.com"
"2017/12/03 8:48:59 PM EST","Teamfortress.com"
"2017/12/03 8:49:10 PM EST","Steampowered.com"
"2017/12/03 8:49:39 PM EST","Boingboing.net"
"2017/12/03 8:52:54 PM EST","youtube.com"
"2017/12/03 8:53:04 PM EST","www.e621.net"
"2017/12/03 8:58:07 PM EST","pornhub.com"
"2017/12/03 8:58:42 PM EST","miniclip.com"
"2017/12/03 9:00:26 PM EST","twitch.com"
"2017/12/03 9:00:36 PM EST","www.vimeo.com"
"2017/12/03 9:01:05 PM EST","Reddit.com"
"2017/12/03 9:01:21 PM EST","voat.co"
"2017/12/03 9:01:29 PM EST","vimeo.com"
"2017/12/03 9:03:44 PM EST","www.dmm.com"
"2017/12/03 9:10:31 PM EST","netflix.com"
"2017/12/03 9:10:41 PM EST","hltv.org"
"2017/12/03 9:11:06 PM EST","pcmasterrace.org"
"2017/12/03 9:15:13 PM EST","pandora.com"
"2017/12/03 9:17:21 PM EST","discordapp.com"
"2017/12/03 9:20:27 PM EST","rargb.to"
"2017/12/03 9:20:36 PM EST","zooqle.com"
"2017/12/03 9:20:57 PM EST","discordapp.com"
"2017/12/03 9:22:45 PM EST","youtube.com"
"2017/12/03 9:22:54 PM EST","pornhub.com"
"2017/12/03 9:25:06 PM EST","reddit.com"
"2017/12/03 9:31:56 PM EST","reddit.com"
"2017/12/03 9:35:15 PM EST","cnn.com"
"2017/12/03 9:37:47 PM EST","netflix.com"
"2017/12/03 9:38:05 PM EST","http://www.foxnews.com/"
"2017/12/03 9:38:58 PM EST","github.com"
"2017/12/03 9:39:33 PM EST","e621.net"
"2017/12/03 9:41:53 PM EST","https://www.asstr.org/~Kristen/"
"2017/12/03 9:42:08 PM EST","https://rule34.paheal.net/"
"2017/12/03 9:46:12 PM EST","http://store.steampowered.com"
"2017/12/03 9:46:52 PM EST","twitch.tv"
"2017/12/03 9:47:04 PM EST","slack.com"
"2017/12/03 9:47:17 PM EST","netflix.com"
"2017/12/03 9:48:10 PM EST","Pornhub.com"
"2017/12/03 9:52:28 PM EST","mail.google.com"
"2017/12/03 9:52:39 PM EST","youtube.com"
"2017/12/03 9:52:45 PM EST","youtube.com"
"2017/12/03 9:53:05 PM EST","steamcommunity.com"
"2017/12/03 9:53:16 PM EST","steampowered.com"
"2017/12/03 9:53:47 PM EST","reddit.com"
"2017/12/03 9:54:13 PM EST","youtube.com"
"2017/12/03 9:54:21 PM EST","Pathofexplosions.com, "
"2017/12/03 9:55:55 PM EST","Google.com"
"2017/12/03 10:01:38 PM EST","Twitch.tv"
"2017/12/03 10:02:24 PM EST","youtube.com"
"2017/12/03 10:04:02 PM EST","YouTube"
"2017/12/03 10:04:14 PM EST","YouTube"
"2017/12/03 10:04:29 PM EST","iCloud.com"
"2017/12/03 10:07:09 PM EST","deviantart.com"
"2017/12/03 10:08:25 PM EST","twitch.com"
"2017/12/03 10:10:15 PM EST","netflix.com"
"2017/12/03 10:12:09 PM EST","pornhub.com"
"2017/12/03 10:18:29 PM EST","overclock.net"
"2017/12/03 10:25:16 PM EST","fast.com"
"2017/12/03 10:27:12 PM EST","reddit.com"
"2017/12/03 10:34:43 PM EST","kek.community"
"2017/12/03 10:35:11 PM EST","vid.me"
"2017/12/03 10:36:49 PM EST","steemit.com"
"2017/12/03 10:38:30 PM EST","ipfs.io"
"2017/12/03 10:39:26 PM EST","youtube.com"
"2017/12/03 10:39:39 PM EST","netflix.com"
"2017/12/03 10:42:08 PM EST","twitch.tv"
"2017/12/03 10:48:43 PM EST","nhentai.net"
"2017/12/03 10:51:00 PM EST","roosterteeth.com"
"2017/12/03 10:54:43 PM EST","netflix.com"
"2017/12/03 10:54:54 PM EST","youtube.com"
"2017/12/03 10:55:24 PM EST","You are a political pawn. None of your apocalyptic net neutrality scenarios will come true. "
"2017/12/03 10:56:30 PM EST","biblebox.tk"
"2017/12/03 10:57:34 PM EST","Netflix.com"
"2017/12/03 10:58:21 PM EST","osu.ppy.sh"
"2017/12/03 10:58:32 PM EST","ppy.sh"
"2017/12/03 10:58:43 PM EST","blog.ppy.sh"
"2017/12/03 10:58:54 PM EST","discordapp.com"
"2017/12/03 10:59:10 PM EST","youtube.com"
"2017/12/03 10:59:44 PM EST","etsy.com"
"2017/12/03 11:00:55 PM EST","news.ycombinator.com"
"2017/12/03 11:01:25 PM EST","hack5.org"
"2017/12/03 11:02:13 PM EST","hak5.org"
"2017/12/03 11:03:00 PM EST","defcon.org"
"2017/12/03 11:03:12 PM EST","osu.ppy.sh"
"2017/12/03 11:04:37 PM EST","Newegg.com"
"2017/12/03 11:05:15 PM EST","The pirate bay"
"2017/12/03 11:06:18 PM EST","privateinternetaccess.com"
"2017/12/03 11:06:42 PM EST","Speedtest.net"
"2017/12/03 11:07:07 PM EST","plz speedtest multiple vpn provider's websites. "
"2017/12/03 11:10:43 PM EST","tsumino.com"
"2017/12/03 11:12:40 PM EST","www.solarmovie.sc"
"2017/12/03 11:14:03 PM EST","Bato.to"
"2017/12/03 11:15:21 PM EST","https://www.battleforthenet.com"
"2017/12/03 11:16:56 PM EST","thepiratebay.se"
"2017/12/03 11:20:51 PM EST","thepiratebay.org"
"2017/12/03 11:20:55 PM EST","youtube.com"
"2017/12/03 11:21:13 PM EST","tapas.io"
"2017/12/03 11:21:14 PM EST","twitch.tv"
"2017/12/03 11:21:19 PM EST","amazon.com"
"2017/12/03 11:27:29 PM EST","reddit.com"
"2017/12/03 11:27:39 PM EST","youtube.com"
"2017/12/03 11:27:41 PM EST","reddit.com google.com netflix.com"
"2017/12/03 11:28:11 PM EST","factorio.com"
"2017/12/03 11:33:26 PM EST","www.gofccyourself.com"
"2017/12/03 11:33:27 PM EST","www.netflix.com"
"2017/12/03 11:35:24 PM EST","netflix.com"
"2017/12/03 11:36:45 PM EST","google.com"
"2017/12/03 11:38:36 PM EST","https://www.twitch.tv/"
"2017/12/03 11:40:36 PM EST","e621.net"
"2017/12/03 11:41:25 PM EST","https://e621.net"
"2017/12/03 11:41:43 PM EST","gostream.is"
"2017/12/03 11:47:57 PM EST","twitch.tv"
"2017/12/03 11:49:17 PM EST","teamfortress.tv"
"2017/12/03 11:49:37 PM EST","reddit.com"
"2017/12/03 11:54:15 PM EST","Youtube.com & roblox.com & Facebook.com"
"2017/12/03 11:56:24 PM EST","Masterani.me"
"2017/12/04 12:01:39 AM EST","facebook.com"
"2017/12/04 12:03:06 AM EST","hulu.com"
"2017/12/04 12:04:22 AM EST","https://www.comcastroturf.com/"
"2017/12/04 12:07:06 AM EST","bash.org"
"2017/12/04 12:07:23 AM EST","volafile.org"
"2017/12/04 12:07:32 AM EST","play.esea.net"
"2017/12/04 12:07:38 AM EST","pornhub.com"
"2017/12/04 12:07:40 AM EST","google.com"
"2017/12/04 12:07:43 AM EST","pornhub.com"
"2017/12/04 12:07:50 AM EST","reddit.com"
"2017/12/04 12:08:08 AM EST","youtube.com"
"2017/12/04 12:08:19 AM EST","youtube.com"
"2017/12/04 12:12:18 AM EST","Pornhub"
"2017/12/04 12:12:45 AM EST","Hentai Haven"
"2017/12/04 12:14:35 AM EST","Netflix.com"
"2017/12/04 12:14:41 AM EST","robertsspaceindustries.com"
"2017/12/04 12:14:46 AM EST","Reddit.com"
"2017/12/04 12:14:55 AM EST","Hulu.com"
"2017/12/04 12:15:12 AM EST","Steampowered.com"
"2017/12/04 12:15:44 AM EST","https://www.travian.com/international"
"2017/12/04 12:16:38 AM EST","http://store.steampowered.com/"
"2017/12/04 12:17:02 AM EST","Toms Hardware"
"2017/12/04 12:18:37 AM EST","https://www.youtube.com"
"2017/12/04 12:21:46 AM EST","reddit.com"
"2017/12/04 12:23:04 AM EST","Wikipedia.com"
"2017/12/04 12:23:32 AM EST","foxnews.com"
"2017/12/04 12:24:57 AM EST","linustechtips.com"
"2017/12/04 12:27:22 AM EST","discordapp.com"
"2017/12/04 12:27:45 AM EST","reddit.com"
"2017/12/04 12:32:07 AM EST","Igg-games.com"
"2017/12/04 12:32:22 AM EST","Erogedownload.com "
"2017/12/04 12:34:54 AM EST","reddit"
"2017/12/04 12:37:24 AM EST","pornhub.com"
"2017/12/04 12:38:09 AM EST","netflix.com"
"2017/12/04 12:42:09 AM EST","news.google.com"
"2017/12/04 12:43:52 AM EST","https://www.npr.org/podcasts/"
"2017/12/04 12:44:18 AM EST","https://www.ebay.com"
"2017/12/04 12:45:09 AM EST","https://kodi.tv"
"2017/12/04 12:46:02 AM EST","https://www.twitch.tv"
"2017/12/04 12:52:36 AM EST","www.boingboing.net"
"2017/12/04 1:03:12 AM EST","runescape.com"
"2017/12/04 1:09:53 AM EST","nexusmods.com"
"2017/12/04 1:10:33 AM EST","bethesda.net"
"2017/12/04 1:12:02 AM EST","Discord"
"2017/12/04 1:14:00 AM EST","https://soundcloud.com/stream"
"2017/12/04 1:14:23 AM EST","https://www.newgrounds.com/"
"2017/12/04 1:14:49 AM EST","https://www.xfinity.com/"
"2017/12/04 1:16:08 AM EST","belfrycomics.net"
"2017/12/04 1:17:52 AM EST","reddit.com"
"2017/12/04 1:18:02 AM EST","Youtube.com"
"2017/12/04 1:23:58 AM EST","comcast.com"
"2017/12/04 1:34:28 AM EST","derpibooru.org"
"2017/12/04 1:34:46 AM EST","myanimelist.net"
"2017/12/04 1:35:35 AM EST","archive.is"
"2017/12/04 1:36:03 AM EST","archive.fo"
"2017/12/04 1:36:15 AM EST","archive.org"
"2017/12/04 1:36:28 AM EST","voat.co"
"2017/12/04 1:36:52 AM EST","store.steampowered.com"
"2017/12/04 1:36:58 AM EST","8ch.net"
"2017/12/04 1:37:09 AM EST","pornhub.com"
"2017/12/04 1:37:24 AM EST","youtube.com"
"2017/12/04 1:37:30 AM EST","gab.ai"
"2017/12/04 1:37:37 AM EST","netflix.com"
"2017/12/04 1:37:42 AM EST","minds.com"
"2017/12/04 1:37:54 AM EST","hulu.com"
"2017/12/04 1:38:16 AM EST","xfinity.com"
"2017/12/04 1:39:55 AM EST","Cnn.com"
"2017/12/04 1:40:06 AM EST","Foxnews.com"
"2017/12/04 1:47:01 AM EST","Netflix.com"
"2017/12/04 1:50:37 AM EST","github.com"
"2017/12/04 1:50:47 AM EST","gitlab.com"
"2017/12/04 1:50:57 AM EST","stackoverflow.com"
"2017/12/04 1:51:10 AM EST","gaming.stackexchange.com"
"2017/12/04 1:57:27 AM EST","https://en.m.wikipedia.org/wiki/Main_Page"
"2017/12/04 2:01:32 AM EST","Aryion.com"
"2017/12/04 2:01:45 AM EST","Giantessbooru.com"
"2017/12/04 2:01:54 AM EST","Vorefan.com"
"2017/12/04 2:02:06 AM EST","Giantesskatelyn.com"
"2017/12/04 2:02:16 AM EST","Giantessfan.com"
"2017/12/04 2:02:27 AM EST","Shrinkfan.com"
"2017/12/04 2:02:28 AM EST","news.vice.com"
"2017/12/04 2:03:54 AM EST","pornhub.com"
"2017/12/04 2:08:22 AM EST","netflix.com"
"2017/12/04 2:12:08 AM EST","reddit.com"
"2017/12/04 2:15:59 AM EST","Will you be my friend"
"2017/12/04 2:17:48 AM EST","nhentai.com"
"2017/12/04 2:18:12 AM EST","Youtube.com"
"2017/12/04 2:19:39 AM EST","Youtube.com"
"2017/12/04 2:26:27 AM EST","pornhub.com"
"2017/12/04 2:35:15 AM EST","Google.com"
"2017/12/04 2:41:08 AM EST","Twitch.com"
"2017/12/04 2:48:24 AM EST","reddit.com"
"2017/12/04 2:49:06 AM EST","roosterteeth.com"
"2017/12/04 2:54:30 AM EST","youtube.com"
"2017/12/04 2:59:35 AM EST","Amazon.com"
"2017/12/04 3:02:32 AM EST","Wikipedia.org"
"2017/12/04 3:06:28 AM EST","www.fanfiction.net"
"2017/12/04 3:06:58 AM EST","www.fimfiction.net"
"2017/12/04 3:08:13 AM EST","https://www.google.com/url?q=http://google.com&sa=D&ust=1512378480809000&usg=AFQjCNEEJaBG6XrJ1d8nGi5b_7DwxpFKsg"
"2017/12/04 3:08:22 AM EST","reddit.com"
"2017/12/04 3:08:25 AM EST","youtube.com"
"2017/12/04 3:12:06 AM EST","Steam"
"2017/12/04 3:23:59 AM EST","duckduckgo.com gnu.org stallman.org"
"2017/12/04 3:24:32 AM EST","http://store.steampowered.com/"
"2017/12/04 3:30:00 AM EST","Netflix.com"
"2017/12/04 3:32:07 AM EST","verizon.com"
"2017/12/04 3:32:09 AM EST","rarbg.to"
"2017/12/04 3:33:02 AM EST","aol.com"
"2017/12/04 3:43:22 AM EST","twitch.tv"
"2017/12/04 3:46:25 AM EST","thepiratebay-proxylist.org"
"2017/12/04 3:49:59 AM EST","hltv.org"
"2017/12/04 3:53:04 AM EST","Roosterteeth.com"
"2017/12/04 3:56:16 AM EST","battleforthenet.com or gofccyourself.com"
"2017/12/04 3:57:53 AM EST","youtube.com"
"2017/12/04 3:58:07 AM EST","archlinux.org"
"2017/12/04 4:03:11 AM EST","netflix"
"2017/12/04 4:10:01 AM EST","twitch.tv"
"2017/12/04 4:12:01 AM EST","kissanime.ru "
"2017/12/04 4:14:39 AM EST","pornhub.com"
"2017/12/04 4:18:27 AM EST","YouTube.com"
"2017/12/04 4:28:12 AM EST","pornhub.com"
"2017/12/04 4:29:54 AM EST","Battle.net"
"2017/12/04 4:29:54 AM EST","Battle.net"
"2017/12/04 4:30:13 AM EST","Steampowered.com"
"2017/12/04 4:36:10 AM EST","battleforthenet.com"
"2017/12/04 4:36:21 AM EST","arstechnica.com"
"2017/12/04 4:36:37 AM EST","theverge.com"
"2017/12/04 4:36:49 AM EST","youtube.com"
"2017/12/04 4:36:57 AM EST","ebay.com"
"2017/12/04 4:37:00 AM EST","reddit.com"
"2017/12/04 4:38:36 AM EST","reddit.com"
"2017/12/04 4:59:43 AM EST","reddit.com twitch.tv"
"2017/12/04 4:59:52 AM EST","youtube.com"
"2017/12/04 5:04:02 AM EST","reddit.com"
"2017/12/04 5:04:14 AM EST","reddit.com"
"2017/12/04 5:04:46 AM EST","Aids.com"
"2017/12/04 5:06:40 AM EST","nyaa.si"
"2017/12/04 5:08:39 AM EST","facebook.com"
"2017/12/04 5:11:08 AM EST","reddit.com, wccftech.com"
"2017/12/04 5:15:22 AM EST","hltv.org"
"2017/12/04 5:18:08 AM EST","nexusmods.com"
"2017/12/04 5:19:17 AM EST","reddit.com"
"2017/12/04 5:19:33 AM EST","reddit.com"
"2017/12/04 5:20:04 AM EST","bing.com"
"2017/12/04 5:20:34 AM EST","netflix.com"
"2017/12/04 5:22:19 AM EST","redtube.com"
"2017/12/04 5:28:32 AM EST","BBC.co.uk"
"2017/12/04 5:30:31 AM EST","Reddit.com"
"2017/12/04 5:32:23 AM EST","Github.com"
"2017/12/04 5:36:12 AM EST","https://playoverwatch.com"
"2017/12/04 5:37:29 AM EST","Kahoot.it"
"2017/12/04 5:40:08 AM EST","mmo-champion.com"
"2017/12/04 5:40:27 AM EST","gmail.com"
"2017/12/04 5:44:28 AM EST","https://imgur.com"
"2017/12/04 5:46:09 AM EST","xvideos.com"
"2017/12/04 5:56:04 AM EST","kissanime.to"
"2017/12/04 5:56:21 AM EST","yahoo.com"
"2017/12/04 5:56:35 AM EST","msnbc.com"
"2017/12/04 5:56:52 AM EST","gog.com"
"2017/12/04 5:57:15 AM EST","reddit.com"
"2017/12/04 5:57:16 AM EST","netflix.com"
"2017/12/04 5:57:52 AM EST","Bing.com"
"2017/12/04 5:57:53 AM EST","Bing.com"
"2017/12/04 5:57:57 AM EST","fox.com"
"2017/12/04 6:03:56 AM EST","di.community"
"2017/12/04 6:04:30 AM EST","www.hackaday.co."
"2017/12/04 6:04:42 AM EST","www.hackaday.com"
"2017/12/04 6:06:50 AM EST","4chan.org"
"2017/12/04 6:23:11 AM EST","solarmoviez.ru"
"2017/12/04 6:25:39 AM EST","youtube.com"
"2017/12/04 6:26:14 AM EST","speedtest.net"
"2017/12/04 6:27:44 AM EST","pornhub.com"
"2017/12/04 6:44:02 AM EST","youtube.com"
"2017/12/04 6:45:22 AM EST","cprewritten.net"
"2017/12/04 6:45:36 AM EST","allsp.ch"
"2017/12/04 6:47:36 AM EST","loltyler1.com"
"2017/12/04 6:48:30 AM EST","geek.com"
"2017/12/04 6:48:41 AM EST","Lonestar.edu"
"2017/12/04 6:48:49 AM EST","warframe.com"
"2017/12/04 6:48:53 AM EST","https://www.pcgamingrace.com"
"2017/12/04 6:48:58 AM EST","facepunch.com"
"2017/12/04 6:49:04 AM EST","twitter.com"
"2017/12/04 6:53:19 AM EST","www.netflix.com"
"2017/12/04 6:53:54 AM EST","www.thepiratebay.se"
"2017/12/04 6:54:11 AM EST","www.rarbg.to"
"2017/12/04 6:56:04 AM EST","reddit.com"
"2017/12/04 6:56:20 AM EST","https://www.google.com/url?q=http://reddit.com&sa=D&ust=1512392157372000&usg=AFQjCNHGeNbq5wBSV_uEMCDiN4BX3cYJyg"
"2017/12/04 7:07:44 AM EST","bittorent"
"2017/12/04 7:09:27 AM EST","Netflix.com"
"2017/12/04 7:14:28 AM EST","http://www.furaffinity.net"
"2017/12/04 7:15:21 AM EST","twitch.tv"
"2017/12/04 7:19:11 AM EST","pornhub.com"
"2017/12/04 7:20:17 AM EST","meatspin.cc"
"2017/12/04 7:25:21 AM EST","twitch.tv"
"2017/12/04 7:31:44 AM EST","Youtube.com"
"2017/12/04 7:36:29 AM EST","kissanime.ru"
"2017/12/04 7:38:01 AM EST","csgo.steamanalyst.com"
"2017/12/04 7:38:52 AM EST","BBC.com"
"2017/12/04 7:39:15 AM EST","gostream.is"
"2017/12/04 7:43:04 AM EST","youtube.com"
"2017/12/04 7:47:12 AM EST","discordapp.com"
"2017/12/04 7:50:36 AM EST","pcpartpicker.com"
"2017/12/04 7:51:03 AM EST","https://www.humblebundle.com/"
"2017/12/04 7:52:12 AM EST","wowprogress.com"
"2017/12/04 7:54:13 AM EST","thejonsey.com"
"2017/12/04 7:56:56 AM EST","Kissanime.ru"
"2017/12/04 7:57:07 AM EST","Netflix.com"
"2017/12/04 8:06:36 AM EST","reddit.com"
"2017/12/04 8:21:05 AM EST","youtube.com"
"2017/12/04 8:23:55 AM EST","Facebook.com"
"2017/12/04 8:24:03 AM EST","Steam.com"
"2017/12/04 8:31:01 AM EST","macrumors.com"
"2017/12/04 8:39:57 AM EST","reddit.com"
"2017/12/04 8:40:23 AM EST","store.steampowered.com"
"2017/12/04 8:40:29 AM EST","youtube.com"
"2017/12/04 8:40:40 AM EST","netflix.com"
"2017/12/04 8:41:07 AM EST","igg-games.com"
"2017/12/04 8:41:32 AM EST","Perfectgirls.net"
"2017/12/04 8:46:06 AM EST","crunchyroll.com"
"2017/12/04 8:51:52 AM EST","4chan.org"
"2017/12/04 8:55:23 AM EST","netflix.com youtube.com"
"2017/12/04 8:58:04 AM EST","netflix.com"
"2017/12/04 8:59:17 AM EST","Outlook.com"
"2017/12/04 10:04:25 AM EST","reddit.com"
"2017/12/04 10:16:51 AM EST","xvideos.com (I'm seriously curious as to how porn sites are affected. Thank you!)"
"2017/12/04 10:40:57 AM EST","https://www.xfinity.com/"
"2017/12/04 10:41:38 AM EST","https://www.verizon.com"
"2017/12/04 10:41:58 AM EST","https://www.netflix.com"
"2017/12/04 10:43:04 AM EST","https://www.eff.org/"
"2017/12/04 10:43:59 AM EST","https://www.amazon.com/"
"2017/12/04 10:44:46 AM EST","https://www.identityrpg.com/"
"2017/12/04 11:19:03 AM EST","bitmarket.pl"